idno	sacademicfeeidno	admissionno	studentidno	sadmissionidno	codeno	studentname	currentclass	phone	email	currentyear	totalamount	payedamount	feeconcession	officestaffidno	officestaffname	currentdate	currenttime	schoolname	schoolbranch	schoolidno	createdon	verifiedby
Empty	302673286	11300571	61234080	11300571	786003	Alice Wong	1CLASS	7224939834	franksexton@example.org	2022	13000	0	0	83126709	chandu	2022-08-15	15:39:00	SAVELFLDB8AH	SATANSB1QB24LT	1438706295	15-08-2022 15:40	Empty
Empty	279148640	20402821	60284870	20402821	324010	Linda Jones	1CLASS	9849873583	boydcaitlin@example.org	2022	13000	0	0	83126709	chandu	2022-08-16	16:39:00	SAVELFLDB8AH	SATANSB1QB24LT	1438706295	16-08-2022 15:40	Empty
Empty	219936354	15601559	60568863	15601559	262901	Eric Davis	1CLASS	8718006345	richardbautista@example.org	2022	13000	0	0	83126709	chandu	2022-08-17	17:39:00	SAVELFLDB8AH	SATANSB1QB24LT	1438706295	17-08-2022 15:40	Empty
Empty	328202076	14401039	60400671	14401039	396410	Mackenzie Garcia	1CLASS	9164164764	emily25@example.org	2022	13000	0	0	83126709	chandu	2022-08-18	18:39:00	SAVELFLDB8AH	SATANSB1QB24LT	1438706295	18-08-2022 15:40	Empty
Empty	316039411	12604416	60284541	12604416	382424	David Gilmore	1CLASS	9913072660	morrismatthew@example.net	2022	13000	0	0	83126709	chandu	2022-08-19	19:39:00	SAVELFLDB8AH	SATANSB1QB24LT	1438706295	19-08-2022 15:40	Empty
Empty	529933875	13003115	60814065	13003115	413107	Alexandra Benton	1CLASS	9416812503	jennifer45@example.net	2022	13000	0	0	83126709	chandu	2022-08-20	20:39:00	SAVELFLDB8AH	SATANSB1QB24LT	1438706295	20-08-2022 15:40	Empty
Empty	432923874	12402603	60104086	12402603	180007	Jessica Miller	1CLASS	9898448677	bmyers@example.org	2022	13000	0	0	83126709	chandu	2022-08-21	21:39:00	SAVELFLDB8AH	SATANSB1QB24LT	1438706295	21-08-2022 15:40	Empty
Empty	531163906	11009113	60414558	11009113	445204	Kathryn Mason	1CLASS	9801194839	angelasnyder@example.net	2022	13000	0	0	83126709	chandu	2022-08-22	22:39:00	SAVELFLDB8AH	SATANSB1QB24LT	1438706295	22-08-2022 15:40	Empty
Empty	277329686	17016296	60787807	17016296	431715	Jeffrey Butler	1CLASS	9860980245	moorelori@example.org	2022	13000	0	0	83126709	chandu	2022-08-23	23:39:00	SAVELFLDB8AH	SATANSB1QB24LT	1438706295	23-08-2022 15:40	Empty
Empty	117012015	17117567	60367798	17117567	834001	Robert Walker	1CLASS	9892509337	shelbyshepard@example.com	2022	13000	0	0	83126709	chandu	2022-08-24	0:39:00	SAVELFLDB8AH	SATANSB1QB24LT	1438706295	24-08-2022 15:40	Empty
Empty	390136802	78600594	60509071	78600594	502032	Franklin Nichols	1CLASS	9658190991	cameronamanda@example.org	2022	13000	0	0	83126709	chandu	2022-08-25	1:39:00	SAVELFLDB8AH	SATANSB1QB24LT	1438706295	25-08-2022 15:40	Empty
Empty	521974814	19904768	60828879	19904768	212404	Jennifer Shaffer	1CLASS	9460988206	leejane@example.com	2022	13000	0	0	83126709	chandu	2022-08-26	2:39:00	SAVELFLDB8AH	SATANSB1QB24LT	1438706295	26-08-2022 15:40	Empty
Empty	295732226	22020178	60912228	22020178	382850	Beth Campbell	1CLASS	9838764945	kylemiller@example.com	2022	13000	0	0	83126709	chandu	2022-08-27	3:39:00	SAVELFLDB8AH	SATANSB1QB24LT	1438706295	27-08-2022 15:40	Empty
Empty	327118371	16909940	60664198	16909940	177038	Gina Alvarado	1CLASS	9011293904	gonzalezluis@example.net	2022	13000	0	0	83126709	chandu	2022-08-28	4:39:00	SAVELFLDB8AH	SATANSB1QB24LT	1438706295	28-08-2022 15:40	Empty
Empty	50004395	80109246	60597555	80109246	302025	Sandra Chambers	1CLASS	9444162477	kjohnson@example.net	2022	13000	0	0	83126709	chandu	2022-08-29	5:39:00	SAVELFLDB8AH	SATANSB1QB24LT	1438706295	29-08-2022 15:40	Empty
Empty	509018778	10906398	60926029	10906398	415604	Brandon Manning	1CLASS	8102680003	jyang@example.net	2022	13000	0	0	83126709	chandu	2022-08-30	6:39:00	SAVELFLDB8AH	SATANSB1QB24LT	1438706295	30-08-2022 15:40	Empty
Empty	536753185	12501556	60624489	12501556	274506	Janice Campbell	1CLASS	9426414263	theresa42@example.com	2022	13000	0	0	83126709	chandu	2022-08-31	7:39:00	SAVELFLDB8AH	SATANSB1QB24LT	1438706295	31-08-2022 15:40	Empty
Empty	178524134	71800556	60966941	71800556	803119	Jacqueline Beard	1CLASS	9825924078	wbrock@example.org	2022	13000	0	0	83126709	chandu	2022-09-01	8:39:00	SAVELFLDB8AH	SATANSB1QB24LT	1438706295	01-09-2022 15:40	Empty
Empty	277847727	12611605	60750954	12611605	412207	Jennifer Hart	1CLASS	8000034522	iguerra@example.net	2022	13000	0	0	83126709	chandu	2022-09-02	9:39:00	SAVELFLDB8AH	SATANSB1QB24LT	1438706295	02-09-2022 15:40	Empty
Empty	268742773	11617148	60124173	11617148	273152	Traci Johnson	1CLASS	9811212618	juan11@example.com	2022	13000	0	0	83126709	chandu	2022-09-03	10:39:00	SAVELFLDB8AH	SATANSB1QB24LT	1438706295	03-09-2022 15:40	Empty
Empty	454048224	12610929	60489449	12610929	534102	Jessica Smith	2CLASS	9586065924	hardyrobin@example.org	2022	14000	0	0	83126709	chandu	2022-09-04	11:39:00	SAVELFLDB8AH	SATANSB1QB24LT	1438706295	04-09-2022 15:40	Empty
Empty	368497790	16907876	60732948	16907876	445001	Katie Keller	2CLASS	8975682204	kweber@example.org	2022	14000	0	0	83126709	chandu	2022-09-05	12:39:00	SAVELFLDB8AH	SATANSB1QB24LT	1438706295	05-09-2022 15:40	Empty
Empty	530819095	18614433	60596866	18614433	805130	Molly Brock	2CLASS	9861274858	woodsheather@example.net	2022	14000	0	0	83126709	chandu	2022-09-06	13:39:00	SAVELFLDB8AH	SATANSB1QB24LT	1438706295	06-09-2022 15:40	Empty
Empty	401191659	14305812	60672948	14305812	274204	David Pena	2CLASS	9448528320	christopherhart@example.net	2022	14000	0	0	83126709	chandu	2022-09-07	14:39:00	SAVELFLDB8AH	SATANSB1QB24LT	1438706295	07-09-2022 15:40	Empty
Empty	19831371	80800881	60520762	80800881	834002	Alexander Cohen	2CLASS	8445951977	manuelrobbins@example.org	2022	14000	0	0	83126709	chandu	2022-09-08	15:39:00	SAVELFLDB8AH	SATANSB1QB24LT	1438706295	08-09-2022 15:40	Empty
Empty	125739671	15801577	60524854	15801577	110009	Kendra Pierce	2CLASS	8461896710	smallcole@example.org	2022	14000	0	0	83126709	chandu	2022-09-09	16:39:00	SAVELFLDB8AH	SATANSB1QB24LT	1438706295	09-09-2022 15:40	Empty
Empty	313263380	18000603	60856779	18000603	231001	Jessica Bauer	2CLASS	7308764392	gary76@example.net	2022	14000	0	0	83126709	chandu	2022-09-10	17:39:00	SAVELFLDB8AH	SATANSB1QB24LT	1438706295	10-09-2022 15:40	Empty
Empty	374106098	11203754	60371733	11203754	332709	Kimberly Robinson	2CLASS	7837446632	qcooper@example.org	2022	14000	0	0	83126709	chandu	2022-09-11	18:39:00	SAVELFLDB8AH	SATANSB1QB24LT	1438706295	11-09-2022 15:40	Empty
Empty	51230012	11653698	60801144	11653698	132103	Paula Weaver	2CLASS	7599168019	aaron99@example.org	2022	14000	0	0	83126709	chandu	2022-09-12	19:39:00	SAVELFLDB8AH	SATANSB1QB24LT	1438706295	12-09-2022 15:40	Empty
Empty	147631151	10307292	60291515	10307292	782127	Drew Oliver	2CLASS	7386120134	kingkevin@example.org	2022	14000	0	0	83126709	chandu	2022-09-13	20:39:00	SAVELFLDB8AH	SATANSB1QB24LT	1438706295	13-09-2022 15:40	Empty
Empty	468330277	10207314	60740629	10207314	453001	Dominic Long	2CLASS	9052724087	davischristian@example.com	2022	14000	0	0	83126709	chandu	2022-09-14	21:39:00	SAVELFLDB8AH	SATANSB1QB24LT	1438706295	14-09-2022 15:40	Empty
Empty	245209854	12900339	60141570	12900339	395006	Diane Thomas	2CLASS	9911319706	larry55@example.org	2022	14000	0	0	83126709	chandu	2022-09-15	22:39:00	SAVELFLDB8AH	SATANSB1QB24LT	1438706295	15-09-2022 15:40	Empty
Empty	323956637	21815190	60430326	21815190	332718	Christina Montgomery	2CLASS	7678826392	robertanthony@example.org	2022	14000	0	0	83126709	chandu	2022-09-16	23:39:00	SAVELFLDB8AH	SATANSB1QB24LT	1438706295	16-09-2022 15:40	Empty
Empty	296482438	74201170	60910880	74201170	851134	Phyllis Stone	2CLASS	9483097659	rosebrent@example.com	2022	14000	0	0	83126709	chandu	2022-09-17	0:39:00	SAVELFLDB8AH	SATANSB1QB24LT	1438706295	17-09-2022 15:40	Empty
Empty	135525760	77102528	60372586	77102528	754031	Scott Day	2CLASS	9869507654	kathleencooper@example.org	2022	14000	0	0	83126709	chandu	2022-09-18	1:39:00	SAVELFLDB8AH	SATANSB1QB24LT	1438706295	18-09-2022 15:40	Empty
Empty	310118142	20600559	60813670	20600559	388001	Jordan Jackson	2CLASS	9848073478	andrew96@example.net	2022	14000	0	0	83126709	chandu	2022-09-19	2:39:00	SAVELFLDB8AH	SATANSB1QB24LT	1438706295	19-09-2022 15:40	Empty
Empty	373927023	13708699	60441887	13708699	248001	Shirley Hobbs	2CLASS	9697141223	jamesguerrero@example.net	2022	14000	0	0	83126709	chandu	2022-09-20	3:39:00	SAVELFLDB8AH	SATANSB1QB24LT	1438706295	20-09-2022 15:40	Empty
Empty	288787328	71201664	60784816	71201664	144207	Andrea Morse	2CLASS	7307895125	ashleycarpenter@example.net	2022	14000	0	0	83126709	chandu	2022-09-21	4:39:00	SAVELFLDB8AH	SATANSB1QB24LT	1438706295	21-09-2022 15:40	Empty
Empty	436029817	12900967	60707602	12900967	444602	Cory Murphy	2CLASS	9812022056	nrogers@example.org	2022	14000	0	0	83126709	chandu	2022-09-22	5:39:00	SAVELFLDB8AH	SATANSB1QB24LT	1438706295	22-09-2022 15:40	Empty
Empty	331162087	22021163	60653929	22021163	441501	Robert Stone	2CLASS	9792049765	betty70@example.org	2022	14000	0	0	83126709	chandu	2022-09-23	6:39:00	SAVELFLDB8AH	SATANSB1QB24LT	1438706295	23-09-2022 15:40	Empty
Empty	61736545	12603519	60564730	12603519	110051	Mark Shepard	3CLASS	9157594834	timothy85@example.com	2022	15000	0	0	83126709	chandu	2022-09-24	7:39:00	SAVELFLDB8AH	SATANSB1QB24LT	1438706295	24-09-2022 15:40	Empty
Empty	483636130	15206873	60580406	15206873	500032	Stacey Mcneil	3CLASS	9425647871	dustin86@example.net	2022	15000	0	0	83126709	chandu	2022-09-25	8:39:00	SAVELFLDB8AH	SATANSB1QB24LT	1438706295	25-09-2022 15:40	Empty
Empty	118904703	10509563	60579278	10509563	481331	Amy Harrison	3CLASS	9390604509	edward68@example.net	2022	15000	0	0	83126709	chandu	2022-09-26	9:39:00	SAVELFLDB8AH	SATANSB1QB24LT	1438706295	26-09-2022 15:40	Empty
Empty	95777003	22317554	60492419	22317554	443201	Lisa Perkins	3CLASS	8902195083	xchen@example.org	2022	15000	0	0	83126709	chandu	2022-09-27	10:39:00	SAVELFLDB8AH	SATANSB1QB24LT	1438706295	27-09-2022 15:40	Empty
Empty	360385507	14002726	60607894	14002726	464001	Dawn Oneill	3CLASS	7352864434	barbara93@example.com	2022	15000	0	0	83126709	chandu	2022-09-28	11:39:00	SAVELFLDB8AH	SATANSB1QB24LT	1438706295	28-09-2022 15:40	Empty
Empty	414534441	11801637	60206703	11801637	221001	Kerri Stanley	3CLASS	9427701868	christian44@example.org	2022	15000	0	0	83126709	chandu	2022-09-29	12:39:00	SAVELFLDB8AH	SATANSB1QB24LT	1438706295	29-09-2022 15:40	Empty
Empty	274026983	10702217	60018851	10702217	342006	Toni Mitchell	3CLASS	8403017226	sanchezanthony@example.org	2022	15000	0	0	83126709	chandu	2022-09-30	13:39:00	SAVELFLDB8AH	SATANSB1QB24LT	1438706295	30-09-2022 15:40	Empty
Empty	288964712	70502842	60603086	70502842	208019	Randy Flores	3CLASS	9885275824	uhull@example.org	2022	15000	0	0	83126709	chandu	2022-10-01	14:39:00	SAVELFLDB8AH	SATANSB1QB24LT	1438706295	01-10-2022 15:40	Empty
Empty	142061036	17433116	60127729	17433116	800001	Kenneth Hill	3CLASS	8975826292	aspencer@example.com	2022	15000	0	0	83126709	chandu	2022-10-02	15:39:00	SAVELFLDB8AH	SATANSB1QB24LT	1438706295	02-10-2022 15:40	Empty
Empty	36183360	14103533	60031662	14103533	360370	Jeremy Harmon	3CLASS	8935882261	shanescott@example.net	2022	15000	0	0	83126709	chandu	2022-10-03	16:39:00	SAVELFLDB8AH	SATANSB1QB24LT	1438706295	03-10-2022 15:40	Empty
Empty	275621166	14102435	60800091	14102435	834004	Tanya Gibson	3CLASS	9973352013	kimberlyhamilton@example.org	2022	15000	0	0	83126709	chandu	2022-10-04	17:39:00	SAVELFLDB8AH	SATANSB1QB24LT	1438706295	04-10-2022 15:40	Empty
Empty	129575325	19704634	60671925	19704634	521104	Sean Rollins	3CLASS	9799500383	jesusbrown@example.org	2022	15000	0	0	83126709	chandu	2022-10-05	18:39:00	SAVELFLDB8AH	SATANSB1QB24LT	1438706295	05-10-2022 15:40	Empty
Empty	395491261	20104186	60345257	20104186	151202	Robert Pruitt	3CLASS	9047012051	christopher26@example.com	2022	15000	0	0	83126709	chandu	2022-10-06	19:39:00	SAVELFLDB8AH	SATANSB1QB24LT	1438706295	06-10-2022 15:40	Empty
Empty	431726485	19802407	60551031	19802407	673104	Nicole Peters	3CLASS	7297917989	loneill@example.net	2022	15000	0	0	83126709	chandu	2022-10-07	20:39:00	SAVELFLDB8AH	SATANSB1QB24LT	1438706295	07-10-2022 15:40	Empty
Empty	355862855	80401468	60200323	80401468	202125	Edward Young	3CLASS	9948024816	marissamason@example.net	2022	15000	0	0	83126709	chandu	2022-10-08	21:39:00	SAVELFLDB8AH	SATANSB1QB24LT	1438706295	08-10-2022 15:40	Empty
Empty	31209906	12903454	60956047	12903454	210427	Chelsea Williams	3CLASS	9728574101	ashleymcclure@example.net	2022	15000	0	0	83126709	chandu	2022-10-09	22:39:00	SAVELFLDB8AH	SATANSB1QB24LT	1438706295	09-10-2022 15:40	Empty
Empty	403142495	81500069	60173520	81500069	303503	Stephanie Martin	3CLASS	9917654173	santiagowesley@example.org	2022	15000	0	0	83126709	chandu	2022-10-10	23:39:00	SAVELFLDB8AH	SATANSB1QB24LT	1438706295	10-10-2022 15:40	Empty
Empty	324891352	10907943	60546889	10907943	274304	Dawn Wong	3CLASS	8434475962	fnavarro@example.org	2022	15000	0	0	83126709	chandu	2022-10-11	0:39:00	SAVELFLDB8AH	SATANSB1QB24LT	1438706295	11-10-2022 15:40	Empty
Empty	168048945	14113703	60286989	14113703	500090	Charles Martinez	3CLASS	8863866473	matthewbuchanan@example.net	2022	15000	0	0	83126709	chandu	2022-10-12	1:39:00	SAVELFLDB8AH	SATANSB1QB24LT	1438706295	12-10-2022 15:40	Empty
Empty	127648143	20600424	60771650	20600424	341001	Gloria Johnston	3CLASS	9949727369	pchen@example.org	2022	15000	0	0	83126709	chandu	2022-10-13	2:39:00	SAVELFLDB8AH	SATANSB1QB24LT	1438706295	13-10-2022 15:40	Empty
Empty	335580675	11601768	60930730	11601768	767026	Savannah Perez	4CLASS	9719867415	nrobinson@example.org	2022	16000	0	0	83126709	chandu	2022-10-14	3:39:00	SAVELFLDB8AH	SATANSB1QB24LT	1438706295	14-10-2022 15:40	Empty
Empty	530022195	11634724	60863637	11634724	175131	Noah Gibbs Jr.	4CLASS	8800105898	juliebailey@example.net	2022	16000	0	0	83126709	chandu	2022-10-15	4:39:00	SAVELFLDB8AH	SATANSB1QB24LT	1438706295	15-10-2022 15:40	Empty
Empty	36986823	15208809	60917139	15208809	686726	Patrick Morse	4CLASS	8964840025	ycunningham@example.org	2022	16000	0	0	83126709	chandu	2022-10-16	5:39:00	SAVELFLDB8AH	SATANSB1QB24LT	1438706295	16-10-2022 15:40	Empty
Empty	133028009	22320289	60916183	22320289	517129	Sharon Sullivan	4CLASS	9836549449	myang@example.net	2022	16000	0	0	83126709	chandu	2022-10-17	6:39:00	SAVELFLDB8AH	SATANSB1QB24LT	1438706295	17-10-2022 15:40	Empty
Empty	324170443	11658571	60216929	11658571	184102	Anna Brady	4CLASS	9999536306	jillroberts@example.net	2022	16000	0	0	83126709	chandu	2022-10-18	7:39:00	SAVELFLDB8AH	SATANSB1QB24LT	1438706295	18-10-2022 15:40	Empty
Empty	470280292	19302892	60183077	19302892	324005	Donna Leblanc	4CLASS	9467290870	april95@example.org	2022	16000	0	0	83126709	chandu	2022-10-19	8:39:00	SAVELFLDB8AH	SATANSB1QB24LT	1438706295	19-10-2022 15:40	Empty
Empty	282418127	11130361	60155936	11130361	804402	Timothy Lucas	4CLASS	9155468202	kimberlyhenderson@example.org	2022	16000	0	0	83126709	chandu	2022-10-20	9:39:00	SAVELFLDB8AH	SATANSB1QB24LT	1438706295	20-10-2022 15:40	Empty
Empty	235531642	19001896	61193536	19001896	241301	David Wilkins	4CLASS	9437781232	garnercindy@example.com	2022	16000	0	0	83126709	chandu	2022-10-21	10:39:00	SAVELFLDB8AH	SATANSB1QB24LT	1438706295	21-10-2022 15:40	Empty
Empty	53834992	22010314	60421228	22010314	224149	James Gomez	4CLASS	9336089065	hcasey@example.com	2022	16000	0	0	83126709	chandu	2022-10-22	11:39:00	SAVELFLDB8AH	SATANSB1QB24LT	1438706295	22-10-2022 15:40	Empty
Empty	107454162	17009818	60337716	17009818	226012	Sarah Simon	4CLASS	9422383106	levi38@example.org	2022	16000	0	0	83126709	chandu	2022-10-23	12:39:00	SAVELFLDB8AH	SATANSB1QB24LT	1438706295	23-10-2022 15:40	Empty
Empty	231332020	15300347	60149916	15300347	503224	Mrs. Elizabeth Carter MD	4CLASS	8827867035	carol80@example.net	2022	16000	0	0	83126709	chandu	2022-10-24	13:39:00	SAVELFLDB8AH	SATANSB1QB24LT	1438706295	24-10-2022 15:40	Empty
Empty	354509437	82400276	60632457	82400276	342001	Katherine Harrison	4CLASS	9609288465	ruthbrown@example.net	2022	16000	0	0	83126709	chandu	2022-10-25	14:39:00	SAVELFLDB8AH	SATANSB1QB24LT	1438706295	25-10-2022 15:40	Empty
Empty	118507649	13302731	60091818	13302731	301026	Rachel Long	4CLASS	9417294964	westvincent@example.net	2022	16000	0	0	83126709	chandu	2022-10-26	15:39:00	SAVELFLDB8AH	SATANSB1QB24LT	1438706295	26-10-2022 15:40	Empty
Empty	238540781	80800085	60080581	80800085	700015	James Roth	4CLASS	9805967744	amcdonald@example.org	2022	16000	0	0	83126709	chandu	2022-10-27	16:39:00	SAVELFLDB8AH	SATANSB1QB24LT	1438706295	27-10-2022 15:40	Empty
Empty	445947361	13802051	60164014	13802051	521137	Matthew Owens	4CLASS	7050604224	williamsgloria@example.com	2022	16000	0	0	83126709	chandu	2022-10-28	17:39:00	SAVELFLDB8AH	SATANSB1QB24LT	1438706295	28-10-2022 15:40	Empty
Empty	279014624	21816042	60156527	21816042	380021	Tina Downs	4CLASS	8564038695	gdavis@example.net	2022	16000	0	0	83126709	chandu	2022-10-29	18:39:00	SAVELFLDB8AH	SATANSB1QB24LT	1438706295	29-10-2022 15:40	Empty
Empty	334484652	19000496	60750371	19000496	303108	Natalie Miller	4CLASS	7064324728	kyle70@example.org	2022	16000	0	0	83126709	chandu	2022-10-30	19:39:00	SAVELFLDB8AH	SATANSB1QB24LT	1438706295	30-10-2022 15:40	Empty
Empty	344526079	10905827	60857498	10905827	364270	Emily Clark	4CLASS	9504082173	ericksontammy@example.net	2022	16000	0	0	83126709	chandu	2022-10-31	20:39:00	SAVELFLDB8AH	SATANSB1QB24LT	1438706295	31-10-2022 15:40	Empty
Empty	22575369	21201505	60589474	21201505	452001	Frank Lee	4CLASS	8439563497	jenna88@example.net	2022	16000	0	0	83126709	chandu	2022-11-01	21:39:00	SAVELFLDB8AH	SATANSB1QB24LT	1438706295	01-11-2022 15:40	Empty
Empty	40112132	19615717	60439829	19615717	695043	Elizabeth Camacho	4CLASS	7806044930	cassandra85@example.com	2022	16000	0	0	83126709	chandu	2022-11-02	22:39:00	SAVELFLDB8AH	SATANSB1QB24LT	1438706295	02-11-2022 15:40	Empty
Empty	480455310	17101763	60001490	17101763	683587	Carlos Cantu	5CLASS	9664492211	davismelissa@example.com	2022	17000	0	0	83126709	chandu	2022-11-03	23:39:00	SAVELFLDB8AH	SATANSB1QB24LT	1438706295	03-11-2022 15:40	Empty
Empty	296718282	13404510	61097909	13404510	686563	Kellie Barker	5CLASS	9882354939	janethill@example.com	2022	17000	0	0	83126709	chandu	2022-11-04	0:39:00	SAVELFLDB8AH	SATANSB1QB24LT	1438706295	04-11-2022 15:40	Empty
Empty	158927483	15603276	60671157	15603276	506101	Timothy Miller	5CLASS	9685339261	briankelly@example.org	2022	17000	0	0	83126709	chandu	2022-11-05	1:39:00	SAVELFLDB8AH	SATANSB1QB24LT	1438706295	05-11-2022 15:40	Empty
Empty	335126712	21888059	60987223	21888059	192123	Katherine Bryant	5CLASS	9044151294	cgarcia@example.com	2022	17000	0	0	83126709	chandu	2022-11-06	2:39:00	SAVELFLDB8AH	SATANSB1QB24LT	1438706295	06-11-2022 15:40	Empty
Empty	41047645	20426932	60831127	20426932	454221	Charles Vasquez	5CLASS	9866798919	antoniososa@example.org	2022	17000	0	0	83126709	chandu	2022-11-07	3:39:00	SAVELFLDB8AH	SATANSB1QB24LT	1438706295	07-11-2022 15:40	Empty
Empty	379335142	19621183	60824302	19621183	424002	Christy Nolan	5CLASS	8696753205	aaronaustin@example.net	2022	17000	0	0	83126709	chandu	2022-11-08	4:39:00	SAVELFLDB8AH	SATANSB1QB24LT	1438706295	08-11-2022 15:40	Empty
Empty	300415739	12612123	60481638	12612123	783331	Michael Griffin	5CLASS	9824119366	joseph50@example.com	2022	17000	0	0	83126709	chandu	2022-11-09	5:39:00	SAVELFLDB8AH	SATANSB1QB24LT	1438706295	09-11-2022 15:40	Empty
Empty	298031521	21406299	60722499	21406299	341509	Melinda Branch	5CLASS	8808331778	nancy63@example.net	2022	17000	0	0	83126709	chandu	2022-11-10	6:39:00	SAVELFLDB8AH	SATANSB1QB24LT	1438706295	10-11-2022 15:40	Empty
Empty	146213751	10308899	60640336	10308899	425508	Christopher Martin	5CLASS	9912738442	igarcia@example.org	2022	17000	0	0	83126709	chandu	2022-11-11	7:39:00	SAVELFLDB8AH	SATANSB1QB24LT	1438706295	11-11-2022 15:40	Empty
Empty	43056384	20701704	60440366	20701704	812004	Brandi Berry	5CLASS	9089943814	john07@example.net	2022	17000	0	0	83126709	chandu	2022-11-12	8:39:00	SAVELFLDB8AH	SATANSB1QB24LT	1438706295	12-11-2022 15:40	Empty
Empty	179005929	11308186	60019990	11308186	325004	Cheryl Jenkins	5CLASS	9755495541	penny23@example.com	2022	17000	0	0	83126709	chandu	2022-11-13	9:39:00	SAVELFLDB8AH	SATANSB1QB24LT	1438706295	13-11-2022 15:40	Empty
Empty	541286520	20436858	60255589	20436858	472336	Joseph Hernandez DDS	5CLASS	9542707592	jill22@example.net	2022	17000	0	0	83126709	chandu	2022-11-14	10:39:00	SAVELFLDB8AH	SATANSB1QB24LT	1438706295	14-11-2022 15:40	Empty
Empty	41260953	13401392	60047082	13401392	301001	Joseph Romero	5CLASS	9816819868	christian14@example.net	2022	17000	0	0	83126709	chandu	2022-11-15	11:39:00	SAVELFLDB8AH	SATANSB1QB24LT	1438706295	15-11-2022 15:40	Empty
Empty	435643852	17218327	60817658	17218327	842001	Daniel Woods	5CLASS	7218191815	nicolewise@example.net	2022	17000	0	0	83126709	chandu	2022-11-16	12:39:00	SAVELFLDB8AH	SATANSB1QB24LT	1438706295	16-11-2022 15:40	Empty
Empty	520015559	18901569	60776055	18901569	416308	Sophia Rodriguez	5CLASS	8763329543	kpatterson@example.org	2022	17000	0	0	83126709	chandu	2022-11-17	13:39:00	SAVELFLDB8AH	SATANSB1QB24LT	1438706295	17-11-2022 15:40	Empty
Empty	308022489	11116877	60847653	11116877	474012	Jordan Kennedy	5CLASS	7033987595	langamanda@example.org	2022	17000	0	0	83126709	chandu	2022-11-18	14:39:00	SAVELFLDB8AH	SATANSB1QB24LT	1438706295	18-11-2022 15:40	Empty
Empty	246369763	82100620	60080365	82100620	843331	Nicholas Cook	5CLASS	9332486842	david08@example.net	2022	17000	0	0	83126709	chandu	2022-11-19	15:39:00	SAVELFLDB8AH	SATANSB1QB24LT	1438706295	19-11-2022 15:40	Empty
Empty	280724340	70403786	60302322	70403786	721212	Jeffrey Green	5CLASS	9701273469	zimmermanjoseph@example.com	2022	17000	0	0	83126709	chandu	2022-11-20	16:39:00	SAVELFLDB8AH	SATANSB1QB24LT	1438706295	20-11-2022 15:40	Empty
Empty	155013185	10414510	60815260	10414510	344001	Michael Velasquez	5CLASS	8008476757	qrandolph@example.net	2022	17000	0	0	83126709	chandu	2022-11-21	17:39:00	SAVELFLDB8AH	SATANSB1QB24LT	1438706295	21-11-2022 15:40	Empty
Empty	274470255	13001774	60016123	13001774	144514	Diane Clark	5CLASS	9717890222	kfowler@example.com	2022	17000	0	0	83126709	chandu	2022-11-22	18:39:00	SAVELFLDB8AH	SATANSB1QB24LT	1438706295	22-11-2022 15:40	Empty
Empty	345082434	17101541	60990280	17101541	341025	Stanley Wallace	6CLASS	8652100491	martin42@example.org	2022	18000	0	0	83126709	chandu	2022-11-23	19:39:00	SAVELFLDB8AH	SATANSB1QB24LT	1438706295	23-11-2022 15:40	Empty
Empty	440619480	21808785	60611078	21808785	125051	Jennifer Booth	6CLASS	9837025646	joshua62@example.org	2022	18000	0	0	83126709	chandu	2022-11-24	20:39:00	SAVELFLDB8AH	SATANSB1QB24LT	1438706295	24-11-2022 15:40	Empty
Empty	535515894	17408664	60939042	17408664	700064	Edward Morrison	6CLASS	9970957272	angela65@example.net	2022	18000	0	0	83126709	chandu	2022-11-25	21:39:00	SAVELFLDB8AH	SATANSB1QB24LT	1438706295	25-11-2022 15:40	Empty
Empty	436564015	10309216	60774656	10309216	285204	Ann Burch	6CLASS	9550777100	mfarmer@example.org	2022	18000	0	0	83126709	chandu	2022-11-26	22:39:00	SAVELFLDB8AH	SATANSB1QB24LT	1438706295	26-11-2022 15:40	Empty
Empty	230451729	13400724	61002041	13400724	275101	Emily Clarke	6CLASS	9736635465	jeffreysmith@example.org	2022	18000	0	0	83126709	chandu	2022-11-27	23:39:00	SAVELFLDB8AH	SATANSB1QB24LT	1438706295	27-11-2022 15:40	Empty
Empty	257907935	76800207	60177673	76800207	761104	Mark Brock	6CLASS	9406867158	diazdaniel@example.com	2022	18000	0	0	83126709	chandu	2022-11-28	0:39:00	SAVELFLDB8AH	SATANSB1QB24LT	1438706295	28-11-2022 15:40	Empty
Empty	497132503	20805424	60108567	20805424	143505	Kelsey Brady DDS	6CLASS	9917034462	shelbyclark@example.net	2022	18000	0	0	83126709	chandu	2022-11-29	1:39:00	SAVELFLDB8AH	SATANSB1QB24LT	1438706295	29-11-2022 15:40	Empty
Empty	78221439	19602450	60017142	19602450	110043	Shelby Davis	6CLASS	9467973061	khart@example.org	2022	18000	0	0	83126709	chandu	2022-11-30	2:39:00	SAVELFLDB8AH	SATANSB1QB24LT	1438706295	30-11-2022 15:40	Empty
Empty	116941032	21505506	60694627	21505506	383350	John White	6CLASS	9837095145	megananderson@example.net	2022	18000	0	0	83126709	chandu	2022-12-01	3:39:00	SAVELFLDB8AH	SATANSB1QB24LT	1438706295	01-12-2022 15:40	Empty
Empty	91383755	18903061	60705404	18903061	209722	Kimberly Osborne	6CLASS	9437244582	lbrown@example.org	2022	18000	0	0	83126709	chandu	2022-12-02	4:39:00	SAVELFLDB8AH	SATANSB1QB24LT	1438706295	02-12-2022 15:40	Empty
Empty	50556023	13804362	60116268	13804362	575003	Curtis Gregory	6CLASS	9570855392	john83@example.net	2022	18000	0	0	83126709	chandu	2022-12-03	5:39:00	SAVELFLDB8AH	SATANSB1QB24LT	1438706295	03-12-2022 15:40	Empty
Empty	503637779	12510450	60861875	12510450	192231	Debra Jones	6CLASS	9879386575	lambertashley@example.org	2022	18000	0	0	83126709	chandu	2022-12-04	6:39:00	SAVELFLDB8AH	SATANSB1QB24LT	1438706295	04-12-2022 15:40	Empty
Empty	28578296	19700315	60087331	19700315	384315	Wesley Johnson	6CLASS	9587704576	beckerlindsey@example.net	2022	18000	0	0	83126709	chandu	2022-12-05	7:39:00	SAVELFLDB8AH	SATANSB1QB24LT	1438706295	05-12-2022 15:40	Empty
Empty	505200446	11620256	60158634	11620256	800027	Lawrence Smith	6CLASS	9971727182	cookephillip@example.org	2022	18000	0	0	83126709	chandu	2022-12-06	8:39:00	SAVELFLDB8AH	SATANSB1QB24LT	1438706295	06-12-2022 15:40	Empty
Empty	271575114	21607438	60102790	21607438	843125	Micheal Scott	6CLASS	9598735499	stephanieayers@example.org	2022	18000	0	0	83126709	chandu	2022-12-07	9:39:00	SAVELFLDB8AH	SATANSB1QB24LT	1438706295	07-12-2022 15:40	Empty
Empty	486105460	19621634	60798422	19621634	500090	Denise Silva	6CLASS	8384914447	millerdana@example.org	2022	18000	0	0	83126709	chandu	2022-12-08	10:39:00	SAVELFLDB8AH	SATANSB1QB24LT	1438706295	08-12-2022 15:40	Empty
Empty	296751142	21920479	60135574	21920479	203131	Lindsey Johnson	6CLASS	9451949981	matthewgraves@example.net	2022	18000	0	0	83126709	chandu	2022-12-09	11:39:00	SAVELFLDB8AH	SATANSB1QB24LT	1438706295	09-12-2022 15:40	Empty
Empty	92649469	20401625	60714540	20401625	691571	Sheri James	6CLASS	8333038724	ericprice@example.org	2022	18000	0	0	83126709	chandu	2022-12-10	12:39:00	SAVELFLDB8AH	SATANSB1QB24LT	1438706295	10-12-2022 15:40	Empty
Empty	89061332	71605755	60627297	71605755	461228	Taylor Ramirez	6CLASS	8285235875	charles26@example.org	2022	18000	0	0	83126709	chandu	2022-12-11	13:39:00	SAVELFLDB8AH	SATANSB1QB24LT	1438706295	11-12-2022 15:40	Empty
Empty	50050147	13101155	60501872	13101155	181221	Gabrielle Caldwell	6CLASS	7357372549	medinamegan@example.net	2022	18000	0	0	83126709	chandu	2022-12-12	14:39:00	SAVELFLDB8AH	SATANSB1QB24LT	1438706295	12-12-2022 15:40	Empty
Empty	457773469	17313431	60797590	17313431	176023	Wesley Perez	7CLASS	9422246046	elopez@example.net	2022	19000	0	0	83126709	chandu	2022-12-13	15:39:00	SAVELFLDB8AH	SATANSB1QB24LT	1438706295	13-12-2022 15:40	Empty
Empty	542927958	11603398	60248270	11603398	671321	Patrick Martinez	7CLASS	9868364466	tracy61@example.org	2022	19000	0	0	83126709	chandu	2022-12-14	16:39:00	SAVELFLDB8AH	SATANSB1QB24LT	1438706295	14-12-2022 15:40	Empty
Empty	472956581	20432443	60221968	20432443	389350	Debra Jones	7CLASS	9951992456	laura31@example.com	2022	19000	0	0	83126709	chandu	2022-12-15	17:39:00	SAVELFLDB8AH	SATANSB1QB24LT	1438706295	15-12-2022 15:40	Empty
Empty	44960100	11700112	60609940	11700112	828201	Richard Walker	7CLASS	9637118989	daniellebrown@example.org	2022	19000	0	0	83126709	chandu	2022-12-16	18:39:00	SAVELFLDB8AH	SATANSB1QB24LT	1438706295	16-12-2022 15:40	Empty
Empty	460008966	13001208	60461612	13001208	442401	Joshua Mcdaniel	7CLASS	9811476646	gonzalezbrittany@example.net	2022	19000	0	0	83126709	chandu	2022-12-17	19:39:00	SAVELFLDB8AH	SATANSB1QB24LT	1438706295	17-12-2022 15:40	Empty
Empty	411831908	10415153	60136312	10415153	680519	Charles Payne	7CLASS	9948498742	jessica11@example.org	2022	19000	0	0	83126709	chandu	2022-12-18	20:39:00	SAVELFLDB8AH	SATANSB1QB24LT	1438706295	18-12-2022 15:40	Empty
Empty	302751376	21803209	60028023	21803209	341303	Meredith Hunt	7CLASS	7607221112	sean80@example.com	2022	19000	0	0	83126709	chandu	2022-12-19	21:39:00	SAVELFLDB8AH	SATANSB1QB24LT	1438706295	19-12-2022 15:40	Empty
Empty	177549930	17110160	60068315	17110160	676319	Wesley Macias	7CLASS	8691937668	rjohnson@example.org	2022	19000	0	0	83126709	chandu	2022-12-20	22:39:00	SAVELFLDB8AH	SATANSB1QB24LT	1438706295	20-12-2022 15:40	Empty
Empty	523410878	11103140	60199560	11103140	676101	Steven Williams	7CLASS	9955882177	cruzjennifer@example.com	2022	19000	0	0	83126709	chandu	2022-12-21	23:39:00	SAVELFLDB8AH	SATANSB1QB24LT	1438706295	21-12-2022 15:40	Empty
Empty	210387567	10308781	60676426	10308781	451001	Karen Adams MD	7CLASS	8374665608	derekvaughn@example.net	2022	19000	0	0	83126709	chandu	2022-12-22	0:39:00	SAVELFLDB8AH	SATANSB1QB24LT	1438706295	22-12-2022 15:40	Empty
Empty	251931402	19707101	60222160	19707101	125052	Anna Hernandez	7CLASS	9001599644	moorejason@example.org	2022	19000	0	0	83126709	chandu	2022-12-23	1:39:00	SAVELFLDB8AH	SATANSB1QB24LT	1438706295	23-12-2022 15:40	Empty
Empty	52356639	17201748	60187970	17201748	831002	Dalton Simmons	7CLASS	8888524778	wilsondylan@example.org	2022	19000	0	0	83126709	chandu	2022-12-24	2:39:00	SAVELFLDB8AH	SATANSB1QB24LT	1438706295	24-12-2022 15:40	Empty
Empty	108050295	22308060	60295324	22308060	424002	Ms. Susan Banks	7CLASS	8902195872	taylorchristine@example.org	2022	19000	0	0	83126709	chandu	2022-12-25	3:39:00	SAVELFLDB8AH	SATANSB1QB24LT	1438706295	25-12-2022 15:40	Empty
Empty	50647322	11808058	60029803	11808058	125001	Gregory Wilson	7CLASS	9099805903	melissa97@example.com	2022	19000	0	0	83126709	chandu	2022-12-26	4:39:00	SAVELFLDB8AH	SATANSB1QB24LT	1438706295	26-12-2022 15:40	Empty
Empty	551699430	20405562	60422151	20405562	125051	Rachel Martin	7CLASS	9966148662	nhill@example.net	2022	19000	0	0	83126709	chandu	2022-12-27	5:39:00	SAVELFLDB8AH	SATANSB1QB24LT	1438706295	27-12-2022 15:40	Empty
Empty	436444862	15707851	60480119	15707851	125044	Charles Suarez	7CLASS	9755538255	sotogregory@example.com	2022	19000	0	0	83126709	chandu	2022-12-28	6:39:00	SAVELFLDB8AH	SATANSB1QB24LT	1438706295	28-12-2022 15:40	Empty
Empty	385181746	19606191	60650944	19606191	125051	Kevin Williams	7CLASS	9837955121	nelsonaaron@example.net	2022	19000	0	0	83126709	chandu	2022-12-29	7:39:00	SAVELFLDB8AH	SATANSB1QB24LT	1438706295	29-12-2022 15:40	Empty
Empty	236365983	70402711	60808057	70402711	462047	David Hines	7CLASS	9666829592	janicekramer@example.org	2022	19000	0	0	83126709	chandu	2022-12-30	8:39:00	SAVELFLDB8AH	SATANSB1QB24LT	1438706295	30-12-2022 15:40	Empty
Empty	378440935	11124072	60733805	11124072	560052	Thomas Tran	7CLASS	8804974932	henryholly@example.org	2022	19000	0	0	83126709	chandu	2022-12-31	9:39:00	SAVELFLDB8AH	SATANSB1QB24LT	1438706295	31-12-2022 15:40	Empty
Empty	419898513	10503484	60658523	10503484	502247	Joanne Webb	7CLASS	9701912067	xjackson@example.net	2022	19000	0	0	83126709	chandu	2023-01-01	10:39:00	SAVELFLDB8AH	SATANSB1QB24LT	1438706295	01-01-2023 15:40	Empty
Empty	477354551	11814551	60238774	11814551	444602	Dawn Reeves	8CLASS	9825048112	hyoder@example.org	2022	20000	0	0	83126709	chandu	2023-01-02	11:39:00	SAVELFLDB8AH	SATANSB1QB24LT	1438706295	02-01-2023 15:40	Empty
Empty	540212411	21816660	60910408	21816660	394670	Cindy Deleon	8CLASS	8417995704	saragomez@example.com	2022	20000	0	0	83126709	chandu	2023-01-03	12:39:00	SAVELFLDB8AH	SATANSB1QB24LT	1438706295	03-01-2023 15:40	Empty
Empty	41645744	19703721	60739913	19703721	221001	Brian Tucker	8CLASS	9461345415	rodriguezcarol@example.com	2022	20000	0	0	83126709	chandu	2023-01-04	13:39:00	SAVELFLDB8AH	SATANSB1QB24LT	1438706295	04-01-2023 15:40	Empty
Empty	182198188	77405409	60059159	77405409	828111	Michael Mccarthy	8CLASS	9730620342	matthew71@example.org	2022	20000	0	0	83126709	chandu	2023-01-05	14:39:00	SAVELFLDB8AH	SATANSB1QB24LT	1438706295	05-01-2023 15:40	Empty
Empty	186714877	21309473	60942704	21309473	531163	Diane Little	8CLASS	9719267514	prattashley@example.net	2022	20000	0	0	83126709	chandu	2023-01-06	15:39:00	SAVELFLDB8AH	SATANSB1QB24LT	1438706295	06-01-2023 15:40	Empty
Empty	258427347	18607497	60911455	18607497	222137	Marie Friedman	8CLASS	9583288838	tamara37@example.net	2022	20000	0	0	83126709	chandu	2023-01-07	16:39:00	SAVELFLDB8AH	SATANSB1QB24LT	1438706295	07-01-2023 15:40	Empty
Empty	81060292	19639527	60342749	19639527	431715	Susan Roth	8CLASS	8769880640	gabriella66@example.org	2022	20000	0	0	83126709	chandu	2023-01-08	17:39:00	SAVELFLDB8AH	SATANSB1QB24LT	1438706295	08-01-2023 15:40	Empty
Empty	297542517	17509223	61006994	17509223	226024	James Roy	8CLASS	9004032102	leahbyrd@example.net	2022	20000	0	0	83126709	chandu	2023-01-09	18:39:00	SAVELFLDB8AH	SATANSB1QB24LT	1438706295	09-01-2023 15:40	Empty
Empty	107876172	19607092	60031594	19607092	500007	Jon Mccarty	8CLASS	8127004702	epierce@example.com	2022	20000	0	0	83126709	chandu	2023-01-10	19:39:00	SAVELFLDB8AH	SATANSB1QB24LT	1438706295	10-01-2023 15:40	Empty
Empty	150809224	18702647	60799484	18702647	828404	Shannon Hill	8CLASS	8908245945	huntjennifer@example.org	2022	20000	0	0	83126709	chandu	2023-01-11	20:39:00	SAVELFLDB8AH	SATANSB1QB24LT	1438706295	11-01-2023 15:40	Empty
Empty	390560710	11801123	60376212	11801123	382415	Annette Davis	8CLASS	9376148212	kreyes@example.net	2022	20000	0	0	83126709	chandu	2023-01-12	21:39:00	SAVELFLDB8AH	SATANSB1QB24LT	1438706295	12-01-2023 15:40	Empty
Empty	239819004	17307511	60414765	17307511	530040	Thomas Beck	8CLASS	9764263209	matthew41@example.org	2022	20000	0	0	83126709	chandu	2023-01-13	22:39:00	SAVELFLDB8AH	SATANSB1QB24LT	1438706295	13-01-2023 15:40	Empty
Empty	382973492	20426554	60422117	20426554	226017	Catherine Cook	8CLASS	7032416150	reginabuck@example.org	2022	20000	0	0	83126709	chandu	2023-01-14	23:39:00	SAVELFLDB8AH	SATANSB1QB24LT	1438706295	14-01-2023 15:40	Empty
Empty	320467437	21814767	60328075	21814767	133201	Sara Pace DVM	8CLASS	9451720084	fdaniel@example.com	2022	20000	0	0	83126709	chandu	2023-01-15	0:39:00	SAVELFLDB8AH	SATANSB1QB24LT	1438706295	15-01-2023 15:40	Empty
Empty	255040252	70507111	60970989	70507111	226012	Nicole Lee	8CLASS	9505214810	marktaylor@example.com	2022	20000	0	0	83126709	chandu	2023-01-16	1:39:00	SAVELFLDB8AH	SATANSB1QB24LT	1438706295	16-01-2023 15:40	Empty
Empty	382041015	21904641	60364053	21904641	306401	Patrick Banks	8CLASS	9369080009	wilsonandres@example.org	2022	20000	0	0	83126709	chandu	2023-01-17	2:39:00	SAVELFLDB8AH	SATANSB1QB24LT	1438706295	17-01-2023 15:40	Empty
Empty	128393489	21410567	60185855	21410567	800001	Lisa Miller	8CLASS	8115307428	sean55@example.net	2022	20000	0	0	83126709	chandu	2023-01-18	3:39:00	SAVELFLDB8AH	SATANSB1QB24LT	1438706295	18-01-2023 15:40	Empty
Empty	380055737	22010167	60503318	22010167	848211	Catherine Oliver	8CLASS	8808814717	prichardson@example.com	2022	20000	0	0	83126709	chandu	2023-01-19	4:39:00	SAVELFLDB8AH	SATANSB1QB24LT	1438706295	19-01-2023 15:40	Empty
Empty	62713175	18610875	60187497	18610875	388530	Jennifer Martin	8CLASS	8280241496	leslie43@example.org	2022	20000	0	0	83126709	chandu	2023-01-20	5:39:00	SAVELFLDB8AH	SATANSB1QB24LT	1438706295	20-01-2023 15:40	Empty
Empty	507082390	10713398	60227669	10713398	396445	Kimberly Johnson	8CLASS	8402852050	dudleyjennifer@example.net	2022	20000	0	0	83126709	chandu	2023-01-21	6:39:00	SAVELFLDB8AH	SATANSB1QB24LT	1438706295	21-01-2023 15:40	Empty
Empty	450873340	17206026	60436972	17206026	422010	Valerie Curtis	9CLASS	8698663180	huntercasey@example.com	2022	21000	0	0	83126709	chandu	2023-01-22	7:39:00	SAVELFLDB8AH	SATANSB1QB24LT	1438706295	22-01-2023 15:40	Empty
Empty	498082680	76300054	60519087	76300054	322203	Sandra Cook	9CLASS	9111286272	kimberly62@example.com	2022	21000	0	0	83126709	chandu	2023-01-23	8:39:00	SAVELFLDB8AH	SATANSB1QB24LT	1438706295	23-01-2023 15:40	Empty
Empty	441586084	20423478	60258826	20423478	813210	Erica Adams	9CLASS	9553557336	eugene02@example.com	2022	21000	0	0	83126709	chandu	2023-01-24	9:39:00	SAVELFLDB8AH	SATANSB1QB24LT	1438706295	24-01-2023 15:40	Empty
Empty	438587478	20803630	60148748	20803630	121001	Tara Lee	9CLASS	8057075216	wvincent@example.net	2022	21000	0	0	83126709	chandu	2023-01-25	10:39:00	SAVELFLDB8AH	SATANSB1QB24LT	1438706295	25-01-2023 15:40	Empty
Empty	496201446	10703873	60501372	10703873	824143	Melissa Thomas	9CLASS	8473971503	batesandrew@example.net	2022	21000	0	0	83126709	chandu	2023-01-26	11:39:00	SAVELFLDB8AH	SATANSB1QB24LT	1438706295	26-01-2023 15:40	Empty
Empty	535062512	12002350	60286208	12002350	301406	Andrew Jones	9CLASS	9428433441	hilllaura@example.net	2022	21000	0	0	83126709	chandu	2023-01-27	12:39:00	SAVELFLDB8AH	SATANSB1QB24LT	1438706295	27-01-2023 15:40	Empty
Empty	357197584	19500050	60862540	19500050	410218	Stephanie Joyce	9CLASS	7688971449	iortiz@example.org	2022	21000	0	0	83126709	chandu	2023-01-28	13:39:00	SAVELFLDB8AH	SATANSB1QB24LT	1438706295	28-01-2023 15:40	Empty
Empty	252665395	11701683	60390367	11701683	711109	Deborah Carpenter	9CLASS	9420306031	michaelhanson@example.net	2022	21000	0	0	83126709	chandu	2023-01-29	14:39:00	SAVELFLDB8AH	SATANSB1QB24LT	1438706295	29-01-2023 15:40	Empty
Empty	131897727	10303967	60926672	10303967	821102	Terri Hoffman	9CLASS	9591385252	pbates@example.org	2022	21000	0	0	83126709	chandu	2023-01-30	15:39:00	SAVELFLDB8AH	SATANSB1QB24LT	1438706295	30-01-2023 15:40	Empty
Empty	233354690	22303231	60855071	22303231	144629	Blake Evans	9CLASS	9830932608	mercedeshill@example.com	2022	21000	0	0	83126709	chandu	2023-01-31	16:39:00	SAVELFLDB8AH	SATANSB1QB24LT	1438706295	31-01-2023 15:40	Empty
Empty	369921096	13003437	60039616	13003437	533429	Spencer Wright	9CLASS	9873549025	mpayne@example.org	2022	21000	0	0	83126709	chandu	2023-02-01	17:39:00	SAVELFLDB8AH	SATANSB1QB24LT	1438706295	01-02-2023 15:40	Empty
Empty	373555240	21201546	60502394	21201546	382345	Sean Shaffer	9CLASS	8171555595	thomasthomas@example.org	2022	21000	0	0	83126709	chandu	2023-02-02	18:39:00	SAVELFLDB8AH	SATANSB1QB24LT	1438706295	02-02-2023 15:40	Empty
Empty	465274879	14006088	60445362	14006088	247776	Cathy Mitchell	9CLASS	8298059680	jacobsbradley@example.org	2022	21000	0	0	83126709	chandu	2023-02-03	19:39:00	SAVELFLDB8AH	SATANSB1QB24LT	1438706295	03-02-2023 15:40	Empty
Empty	337751566	10508929	60265218	10508929	275301	Mary Robinson	9CLASS	8790540568	cody22@example.org	2022	21000	0	0	83126709	chandu	2023-02-04	20:39:00	SAVELFLDB8AH	SATANSB1QB24LT	1438706295	04-02-2023 15:40	Empty
Empty	514850226	12900828	60598671	12900828	800027	Jaclyn Butler	9CLASS	8285476766	hclayton@example.com	2022	21000	0	0	83126709	chandu	2023-02-05	21:39:00	SAVELFLDB8AH	SATANSB1QB24LT	1438706295	05-02-2023 15:40	Empty
Empty	36715677	11212880	60743738	11212880	801503	James Weber	9CLASS	9814514525	olsonwanda@example.com	2022	21000	0	0	83126709	chandu	2023-02-06	22:39:00	SAVELFLDB8AH	SATANSB1QB24LT	1438706295	06-02-2023 15:40	Empty
Empty	498450498	12803159	60602097	12803159	822101	Eric Hardy	9CLASS	9426572869	patrick42@example.net	2022	21000	0	0	83126709	chandu	2023-02-07	23:39:00	SAVELFLDB8AH	SATANSB1QB24LT	1438706295	07-02-2023 15:40	Empty
Empty	35073984	20805025	60752005	20805025	812001	Steven Robinson	9CLASS	7737330772	yjohnson@example.org	2022	21000	0	0	83126709	chandu	2023-02-08	0:39:00	SAVELFLDB8AH	SATANSB1QB24LT	1438706295	08-02-2023 15:40	Empty
Empty	114830612	10707465	60837045	10707465	461990	Christopher Rush	9CLASS	9954708734	josephcampbell@example.org	2022	21000	0	0	83126709	chandu	2023-02-09	1:39:00	SAVELFLDB8AH	SATANSB1QB24LT	1438706295	09-02-2023 15:40	Empty
Empty	208409129	10503160	60265592	10503160	250615	Julie Bennett	9CLASS	8985484860	donald08@example.com	2022	21000	0	0	83126709	chandu	2023-02-10	2:39:00	SAVELFLDB8AH	SATANSB1QB24LT	1438706295	10-02-2023 15:40	Empty
Empty	60881254	11808481	60617953	11808481	208010	Tommy Robinson	10CLASS	9723253558	jdavis@example.com	2022	22000	0	0	83126709	chandu	2023-02-11	3:39:00	SAVELFLDB8AH	SATANSB1QB24LT	1438706295	11-02-2023 15:40	Empty
Empty	324833724	11130936	60292156	11130936	504208	Paul Escobar	10CLASS	9135837384	brittany00@example.com	2022	22000	0	0	83126709	chandu	2023-02-12	4:39:00	SAVELFLDB8AH	SATANSB1QB24LT	1438706295	12-02-2023 15:40	Empty
Empty	435429617	19101266	60498945	19101266	797112	Christina Arellano	10CLASS	8124602496	maycorey@example.org	2022	22000	0	0	83126709	chandu	2023-02-13	5:39:00	SAVELFLDB8AH	SATANSB1QB24LT	1438706295	13-02-2023 15:40	Empty
Empty	63485915	17437546	60512425	17437546	201001	Lindsay Marquez	10CLASS	8888514108	beckerphilip@example.org	2022	22000	0	0	83126709	chandu	2023-02-14	6:39:00	SAVELFLDB8AH	SATANSB1QB24LT	1438706295	14-02-2023 15:40	Empty
Empty	488366575	21919347	60077319	21919347	411033	Jeffery Lynch	10CLASS	9648162343	trevinojennifer@example.org	2022	22000	0	0	83126709	chandu	2023-02-15	7:39:00	SAVELFLDB8AH	SATANSB1QB24LT	1438706295	15-02-2023 15:40	Empty
Empty	496574963	11100298	60676500	11100298	577201	Olivia Vance	10CLASS	9128941688	angelica42@example.com	2022	22000	0	0	83126709	chandu	2023-02-16	8:39:00	SAVELFLDB8AH	SATANSB1QB24LT	1438706295	16-02-2023 15:40	Empty
Empty	302972420	13404491	60387509	13404491	700122	Derek Campbell	10CLASS	9805193141	david89@example.com	2022	22000	0	0	83126709	chandu	2023-02-17	9:39:00	SAVELFLDB8AH	SATANSB1QB24LT	1438706295	17-02-2023 15:40	Empty
Empty	178389845	21604823	60354807	21604823	671317	Antonio Hamilton	10CLASS	7784960506	blackwilliam@example.com	2022	22000	0	0	83126709	chandu	2023-02-18	10:39:00	SAVELFLDB8AH	SATANSB1QB24LT	1438706295	18-02-2023 15:40	Empty
Empty	165667005	11613518	60116692	11613518	273411	Laurie Gibson	10CLASS	8285351423	brandy28@example.net	2022	22000	0	0	83126709	chandu	2023-02-19	11:39:00	SAVELFLDB8AH	SATANSB1QB24LT	1438706295	19-02-2023 15:40	Empty
Empty	185102081	22402239	60821717	22402239	823002	Julia Brooks	10CLASS	7602241764	wrightheather@example.com	2022	22000	0	0	83126709	chandu	2023-02-20	12:39:00	SAVELFLDB8AH	SATANSB1QB24LT	1438706295	20-02-2023 15:40	Empty
Empty	292947320	11141858	60802451	11141858	190018	Krista Spencer	10CLASS	7544014749	carrie62@example.net	2022	22000	0	0	83126709	chandu	2023-02-21	13:39:00	SAVELFLDB8AH	SATANSB1QB24LT	1438706295	21-02-2023 15:40	Empty
Empty	186751189	19624838	60206263	19624838	451111	Jacqueline Fisher	10CLASS	9602361220	angelafitzpatrick@example.net	2022	22000	0	0	83126709	chandu	2023-02-22	14:39:00	SAVELFLDB8AH	SATANSB1QB24LT	1438706295	22-02-2023 15:40	Empty
Empty	229663310	11309582	60123843	11309582	124109	David Bell	10CLASS	7772933618	julia16@example.com	2022	22000	0	0	83126709	chandu	2023-02-23	15:39:00	SAVELFLDB8AH	SATANSB1QB24LT	1438706295	23-02-2023 15:40	Empty
Empty	262401819	15900021	60295620	15900021	768110	Lawrence Mcbride	10CLASS	8224803893	ehayes@example.org	2022	22000	0	0	83126709	chandu	2023-02-24	16:39:00	SAVELFLDB8AH	SATANSB1QB24LT	1438706295	24-02-2023 15:40	Empty
Empty	130413372	14003464	60238336	14003464	224001	Matthew Hamilton	10CLASS	8003899503	jamesshelley@example.com	2022	22000	0	0	83126709	chandu	2023-02-25	17:39:00	SAVELFLDB8AH	SATANSB1QB24LT	1438706295	25-02-2023 15:40	Empty
Empty	360491145	13103168	60898477	13103168	416502	David Barajas	10CLASS	9813390129	lisa32@example.net	2022	22000	0	0	83126709	chandu	2023-02-26	18:39:00	SAVELFLDB8AH	SATANSB1QB24LT	1438706295	26-02-2023 15:40	Empty
Empty	412255985	20441252	60867284	20441252	485001	Anthony Hopkins	10CLASS	9490976779	lsimon@example.org	2022	22000	0	0	83126709	chandu	2023-02-27	19:39:00	SAVELFLDB8AH	SATANSB1QB24LT	1438706295	27-02-2023 15:40	Empty
Empty	417182610	21411346	60056066	21411346	416115	Patrick Bryant	10CLASS	8948059103	brittanywilliams@example.net	2022	22000	0	0	83126709	chandu	2023-02-28	20:39:00	SAVELFLDB8AH	SATANSB1QB24LT	1438706295	28-02-2023 15:40	Empty
Empty	145323335	11211486	60081101	11211486	442401	Richard Rowland	10CLASS	9417579609	xthornton@example.net	2022	22000	0	0	83126709	chandu	2023-03-01	21:39:00	SAVELFLDB8AH	SATANSB1QB24LT	1438706295	01-03-2023 15:40	Empty
Empty	547109665	19303963	60890589	19303963	491001	Nicole Burnett	10CLASS	9602423046	deanna23@example.net	2022	22000	0	0	83126709	chandu	2023-03-02	22:39:00	SAVELFLDB8AH	SATANSB1QB24LT	1438706295	02-03-2023 15:40	Empty
